site,url,widget_id,title,shape,doctype,html_open,head_open,body_open,rendered_sha256,source_archive_sha256,evidence
kr,https://beautyblossom.kr/129,w202502255accd0ae0f6ec,모던 카드 디자인,document_bundle,true,true,true,true,4a0500d88f7394a645cb5bac07cba4bef3f39e31ccd3173738a0e9429eb28754,25c600da9b59d18cea01ae4bfc4a75bd0a649407bd3adb2c9b4101c464b08ae4,pages/kr/ed02bbbdb0a3b2e4.html.gz
kr,https://beautyblossom.kr/130,w2025022534ad0016b9bbc,피부 시술 비교 테이블,document_bundle,true,true,true,true,67838df6ba8b25904773e3515ebddd1d761541bfb75f5b3718f31abed9eb9644,b3deca8195a1ebb85df06a4a7cdfa5e5859ada2c65d1297ae1e13178555b2013,pages/kr/bcf640b6c09f4523.html.gz
kr,https://beautyblossom.kr/131,w20250315e976dc2f2b64d,비수면 가스마취 혜택,document_bundle,true,true,true,true,ae588a78f0d26bd61d206063a783e2546a1d9a7d15ff4a6397db3647946418e2,c59918ed131b2f5cc5ffa672fbd5efd65e8383122679043c1c9f4060d40585ef,pages/kr/547696d2d06467d3.html.gz
kr,https://beautyblossom.kr/131,w2025031739ed1d4946989,Porter 웃음 진정기 특징,document_bundle,true,true,true,true,47d45d3982b165a43378b7097498f004aabefb5a2de6bb23d3260c1eee3c7ad0,c59918ed131b2f5cc5ffa672fbd5efd65e8383122679043c1c9f4060d40585ef,pages/kr/547696d2d06467d3.html.gz
kr,https://beautyblossom.kr/131,w202503152fbe94d835e21,비수면 가스마취 혜택,document_bundle,true,true,true,true,86181ce543ea10aba3d9f0c7ebc38955d4a84bbb08fc3dd79a4c34307ced0938,c59918ed131b2f5cc5ffa672fbd5efd65e8383122679043c1c9f4060d40585ef,pages/kr/547696d2d06467d3.html.gz
kr,https://beautyblossom.kr/131,w202503154db9f63d212df,수면마취와 비수면 가스마취 비교,document_bundle,true,true,true,true,d240e0ba32c9230cad4612c208722eb9c1a4f839fba05cbc0ff0902c03ca9e50,c59918ed131b2f5cc5ffa672fbd5efd65e8383122679043c1c9f4060d40585ef,pages/kr/547696d2d06467d3.html.gz
kr,https://beautyblossom.kr/131,w2025031778dda25a6646e,가스마취 종류 비교,document_bundle,true,true,true,true,1c847b98e6c872e35fd36091385e1c6dd9af5819b897b464b54b1ca79a44df40,c59918ed131b2f5cc5ffa672fbd5efd65e8383122679043c1c9f4060d40585ef,pages/kr/547696d2d06467d3.html.gz
kr,https://beautyblossom.kr/132,w2025081039e554189929c,AI 빅데이터 분석 - 피부 진단 시스템,document_bundle,true,true,true,true,8f6c009856664f4b544ce88c07e7de2ea49f295e21192e0a376e58dafbebc2c6,76ae3f87779e2adbdfe67f11a30cde4b6509b2a33ed9208b55f0e98c3a8bf5bc,pages/kr/c21d6b24281be2b6.html.gz
kr,https://beautyblossom.kr/132,w202503158bfdc18629607,EVE V MUSE 리포트 안내,document_bundle,true,true,true,true,091dd8b39e8acfa17547f6ffc4d3e927e70c217a41219a23666e43ee25c20da7,76ae3f87779e2adbdfe67f11a30cde4b6509b2a33ed9208b55f0e98c3a8bf5bc,pages/kr/c21d6b24281be2b6.html.gz
kr,https://beautyblossom.kr/132,w202508102d909b198a8e2,피부 분석 솔루션,document_bundle,true,true,true,true,13624181d9cecb9a8c2a9636689180221fc1517473bdabd3948785e9411c924e,76ae3f87779e2adbdfe67f11a30cde4b6509b2a33ed9208b55f0e98c3a8bf5bc,pages/kr/c21d6b24281be2b6.html.gz
kr,https://beautyblossom.kr/132,w20250810081d1b4dc1dda,진료 과정,document_bundle,true,true,true,true,c8d3c646a2bdab023ae2bf372b84ed2aa808996a5813e857177a4a29ee91e390,76ae3f87779e2adbdfe67f11a30cde4b6509b2a33ed9208b55f0e98c3a8bf5bc,pages/kr/c21d6b24281be2b6.html.gz
kr,https://beautyblossom.kr/139,w202507073d372f3d4ad89,소프웨이브 시술 정보,document_bundle,true,true,true,true,159327cc5a581305f04c50fca2421b182ee18206f40e6b119b6b391b6d1e24b7,967067859bb012c4ae0bdf796e793d6ef5df1d06fda07ee97450a2d982f5bf42,pages/kr/733215157202804c.html.gz
kr,https://beautyblossom.kr/139,w2025070833b1b4794a8ef,시술 전후 비교,document_bundle,true,true,true,true,47a1d20f8e278df9c3579899a8175bebcbe25400edcb41bb604a3d9328800181,967067859bb012c4ae0bdf796e793d6ef5df1d06fda07ee97450a2d982f5bf42,pages/kr/733215157202804c.html.gz
kr,https://beautyblossom.kr/139,w2025070811a4fbb777306,시술 전후 비교,document_bundle,true,true,true,true,1db6496cddff5771fe4bab430a4e865e3118b148459912e335048a3c1263d71b,967067859bb012c4ae0bdf796e793d6ef5df1d06fda07ee97450a2d982f5bf42,pages/kr/733215157202804c.html.gz
kr,https://beautyblossom.kr/139,w20250708c237f41d1c2b2,시술 전후 비교,document_bundle,true,true,true,true,3f19be2b62e2c3e9c144cc69111e37c79b9057120b367517b76974639c4a4778,967067859bb012c4ae0bdf796e793d6ef5df1d06fda07ee97450a2d982f5bf42,pages/kr/733215157202804c.html.gz
kr,https://beautyblossom.kr/139,w202507083f4fed722136a,시술 전후 비교,document_bundle,true,true,true,true,e4bea9f7e32d82bde012dbb72adbf4878b81606aac43c43a125e13654e214e31,967067859bb012c4ae0bdf796e793d6ef5df1d06fda07ee97450a2d982f5bf42,pages/kr/733215157202804c.html.gz
kr,https://beautyblossom.kr/139,w20250708c53bbe3dfb620,시술 전후 비교,document_bundle,true,true,true,true,6a8b3b142a2cbc4d11f92f6110543063a2ddc3fe440935b54806d97b84a17d8f,967067859bb012c4ae0bdf796e793d6ef5df1d06fda07ee97450a2d982f5bf42,pages/kr/733215157202804c.html.gz
kr,https://beautyblossom.kr/139,w20250708e6496a2b6ac78,시술 전후 비교,document_bundle,true,true,true,true,4bb86468198580b9ce9502442d0cdaa8eefe71100bce8992e22f3716116954cf,967067859bb012c4ae0bdf796e793d6ef5df1d06fda07ee97450a2d982f5bf42,pages/kr/733215157202804c.html.gz
kr,https://beautyblossom.kr/139,w2025070895cf3370c2b17,시술 전후 비교,document_bundle,true,true,true,true,493a1944492eb19b1e9b657a0f6993d20c489d892ff7296d8f1013c20942f47f,967067859bb012c4ae0bdf796e793d6ef5df1d06fda07ee97450a2d982f5bf42,pages/kr/733215157202804c.html.gz
kr,https://beautyblossom.kr/140,w20250730b88be59d2de94,스컬트라 효과,document_bundle,true,true,true,true,693c3b2784db4c1843c61ea67be2fa93f90402b89be860336157aac200d06b74,8549122f4549a2607703be59fec65d3ba514a3409c89995ceb95149937ce9176,pages/kr/937d12917d59e54a.html.gz
kr,https://beautyblossom.kr/140,w20250730b5423daa0d840,비메오 영상 - 수정됨,document_bundle,true,true,true,true,5c247e47976e31e5e5854c30d4b81a409b7b3e86f69ed858a4310eeab800691c,8549122f4549a2607703be59fec65d3ba514a3409c89995ceb95149937ce9176,pages/kr/937d12917d59e54a.html.gz
kr,https://beautyblossom.kr/140,w202507314e351297399c5,스컬트라 텍스트 박스,document_bundle,true,true,true,true,6e30a82ad20f7c6b6a9676e2cac0feb106160ccaf4743a0476516477059f5b07,8549122f4549a2607703be59fec65d3ba514a3409c89995ceb95149937ce9176,pages/kr/937d12917d59e54a.html.gz
kr,https://beautyblossom.kr/140,w2025073017a57c180999e,비메오 영상 1,document_bundle,true,true,true,true,4e6ab15b369b2000876bac333d48aec0c34e80d95984831991365abaa4a8d0e4,8549122f4549a2607703be59fec65d3ba514a3409c89995ceb95149937ce9176,pages/kr/937d12917d59e54a.html.gz
kr,https://beautyblossom.kr/140,w20250731810259bc8393a,스컬트라 vs 필러 비교,document_bundle,true,true,true,true,bc547c74ad162f9a4a84f0a7a9a8cd9f78f741cd5d96d0ac4e812d80b3e04f89,8549122f4549a2607703be59fec65d3ba514a3409c89995ceb95149937ce9176,pages/kr/937d12917d59e54a.html.gz
kr,https://beautyblossom.kr/140,w2025073171adeb1f5069d,스컬트라 FAQ - 자주 묻는 질문,document_bundle,true,true,true,true,1ce968cbc714532d72625c9abd38d3e5735c25a728a92f806bc4c4abb374627c,8549122f4549a2607703be59fec65d3ba514a3409c89995ceb95149937ce9176,pages/kr/937d12917d59e54a.html.gz
kr,https://beautyblossom.kr/140,w20250730dfe06cabc6068,스컬트라 시술 정보,document_bundle,true,true,true,true,2ad0d61c330e0f9f653634e95710eb046fa9c596a72c8abcc06c57ba1ecb23a4,8549122f4549a2607703be59fec65d3ba514a3409c89995ceb95149937ce9176,pages/kr/937d12917d59e54a.html.gz
kr,https://beautyblossom.kr/141,w20250806697b25120df1c,스컬트라 텍스트 박스,document_bundle,true,true,true,true,29a81762949ed6e6b64b692de1137d7e4c0b9adb0464f0b8d303fcd5ccb35cf5,2449474c0890266131ea31812fac0ac86daca07840dd1c5535147d4718f335d0,pages/kr/09f46f6b5af50406.html.gz
kr,https://beautyblossom.kr/141,w20250806bd43c4ad2ef33,Thermage Features,document_bundle,true,true,true,true,0942e8e7a3cc4885ff9d100ae6dcec80764828e003a0c9b21dada432e379b164,2449474c0890266131ea31812fac0ac86daca07840dd1c5535147d4718f335d0,pages/kr/09f46f6b5af50406.html.gz
kr,https://beautyblossom.kr/141,w2025081053f4bf60862c7,스킨케어 프로그램 - 주름 타이트닝 리프팅 여드름 민감성 피부 치료,document_bundle,true,true,true,true,1869dec0940630ec5a02fe77135763c2b683cc71cf3fa85d9c5544da4357a224,2449474c0890266131ea31812fac0ac86daca07840dd1c5535147d4718f335d0,pages/kr/09f46f6b5af50406.html.gz
kr,https://beautyblossom.kr/141,w202508067f6e4c3b98b67,피부 관리 솔루션,document_bundle,true,true,true,true,cc4ee51118d1d53e372bb135a53ced6382aad2ac12383b08a891a74506a2df9f,2449474c0890266131ea31812fac0ac86daca07840dd1c5535147d4718f335d0,pages/kr/09f46f6b5af50406.html.gz
kr,https://beautyblossom.kr/141,w202508066f5f805b13bea,수술 후 주의사항,document_bundle,true,true,true,true,f1b1b64888d7d6ee55b4b062caa51e43c6a9a556b177fe343a112d445768eb08,2449474c0890266131ea31812fac0ac86daca07840dd1c5535147d4718f335d0,pages/kr/09f46f6b5af50406.html.gz
kr,https://beautyblossom.kr/142,w202508066c205e45f72dd,어깨필러 vs 보톡스,document_bundle,true,true,true,true,2e04bfbb95aa93850c20f75df45b09f7864e455742706bd0ae8493d170373a40,ad5236c952184db25ca0ea23c1ff2dcbc2adbcf3985f773ab59238f5ef7d21ff,pages/kr/4af4360cfb55f5f9.html.gz
kr,https://beautyblossom.kr/142,w202508062409dbfec4486,스컬트라 FAQ - 자주 묻는 질문,document_bundle,true,true,true,true,7754ed366d613d73f4d04cfa44a2d22597ba7937a2103d148a31813a1897de6e,ad5236c952184db25ca0ea23c1ff2dcbc2adbcf3985f773ab59238f5ef7d21ff,pages/kr/4af4360cfb55f5f9.html.gz
kr,https://beautyblossom.kr/143,w202508109ead74e1ea19d,피부 분석 시스템,document_bundle,true,true,true,true,529056811adcdd0f867e0d9c4b5efe74d3fbcf72fb051d2eec21af3ff63a15a8,25d57938f2fc7ffce15b4f1578d2558142f6507093d997e49ff026d4f6b46336,pages/kr/3794661f5395c8ce.html.gz
kr,https://beautyblossom.kr/143,w202508106cceb77916469,3D 피부 진단 혜택,document_bundle,true,true,true,true,5d21ba00cf8197214fee9d7f8084e7926afe5fd003588d4fc985262ff5af4410,25d57938f2fc7ffce15b4f1578d2558142f6507093d997e49ff026d4f6b46336,pages/kr/3794661f5395c8ce.html.gz
kr,https://beautyblossom.kr/28,w202502093504b04ef7753,보톡스 시술 부위,document_bundle,true,true,true,true,10903d705496c9678a3c8ab785e2d6600020863ad852725d2cca5353285d1498,a5c52de52a525a66f57b83aaa9aca3256deab6682b5b7e10e132037617512d23,pages/kr/aeef7ba2a75b749a.html.gz
kr,https://beautyblossom.kr/39,w202509157ee4e6d8217b4,퍼스널 레이어드 리프팅,document_bundle,true,true,true,true,fcfbf586a161a797d97346310df4f535f5b6d027af09311c60c3b7c9af581147,51f21a27dc0e7ed05023b2ecb09ed5f7d20f822910a5091422ba0e4761cd1ec3,pages/kr/4e2128de322e3dc9.html.gz
kr,https://beautyblossom.kr/39,w20250915d2f48088741a6,의료장비 전문 솔루션,document_bundle,true,true,true,true,37a500ceeb52dad2cf41a0821b1b99cc642490992fc4ff9ee97cc98ce6f62857,51f21a27dc0e7ed05023b2ecb09ed5f7d20f822910a5091422ba0e4761cd1ec3,pages/kr/4e2128de322e3dc9.html.gz
kr,https://beautyblossom.kr/55,w202502271d1ad1741ba0c,바디 부위별 시술 안내,document_bundle,true,true,true,true,3079e1525429360876a97e21793cb8d32de9dd3fe48a61a5ce6fb1ef162a3643,0abd020233c91cb534f6d6143548cb0dfd2a01515e8b2467eb8fded948c95357,pages/kr/87f43228b4593371.html.gz
kr,https://beautyblossom.kr/65,w202502045ed3501453393,3단계 필링 시스템,document_bundle,true,true,true,true,c0a8082cad0bdcd306c080d863d127c84581589ddb33bbffe4d7f68dd5a9255b,b7d5d57d908ecc9ff730b447cb9ad66ffdeb5b0a116fc00a0366621b6ddedf9c,pages/kr/f83b222d7220cd9e.html.gz
kr,https://beautyblossom.kr/69,w20250205132d72eada040,여드름 종류와 특징,document_bundle,true,true,true,true,5c7c4eeba41515e53d4eb972950ebcf073684481da116ef77000dcb8f19ae49f,e17395c49e8126257376eaaf2fa6c43f709a75d7bf5da1b732646739b9abf48b,pages/kr/31892d03199d2b25.html.gz
kr,https://beautyblossom.kr/73,w202502223d1b22b16e45b,피코슈어,document_bundle,true,true,true,true,c2f1c9787e54df063023a4292662c856110e394285e718d7d52d1d1ba3813f3a,45181200f09a26555c19f794914b25a9e06ae977e03185dbb9adf3fbea63a1f6,pages/kr/5d94041a3e081b89.html.gz
kr,https://beautyblossom.kr/alltite-lifting,w20260706930c981fd4075,올타이트(Alltite) — 진피·SMAS 동시 가열 RF 리프팅 | DLTD® 신기술,document_bundle,true,true,true,true,e4c50f4b485d5b68d36732cda351702f907417aa6bedcd999db388beb8790ca4,06d84420f5e1a0784f7f62c425aa8de6f755d1e74e9b3cbe92693276bdc30d1f,pages/kr/58e787a2387d2601.html.gz
kr,https://beautyblossom.kr/thread-lifting,w20260513c1c942c86f122,실리프팅 | 민트리프트 · 에피티콘 듀얼 라인업 - 뷰티블라썸의원,document_bundle,true,true,true,true,536369634bf2ece26b39df2576e8c0458073acdd7db9680a1a6ec442088c5315,6bd17d52c2ecd4ed011497fc0a603f24de5585d06dd0a605ec180c5562995803,pages/kr/96be6c116786c260.html.gz
kr,https://beautyblossom.kr/titanium-fortra-quattro,w2026070832539135516f0,홍대·합정 4파장 다이오드 리프팅 | 포트라 콰트로 - 뷰티블라썸의원,document_bundle,true,true,true,true,4fc97ae7439b31c791b825b1ca9bb6ab91e09a28417b142f0f681c60dde9e1ff,bed3b8d059654c58faa9588b8a4a9656a4959cfb7fe121c1139dd00445edd171,pages/kr/2a3ec5cf23866a3e.html.gz
en,https://en.beautyblossom.kr/100,w202503191fc94c552e612,Skin Analysis System,document_bundle,true,true,true,true,ed2bdc3cdcd49eb329c63cab9e2d733a84b03e0ac700ab0f5570cfcec6238ae6,f07c87f9916914d212558d13b6b842abf5ed240979a6926e24bb46e1efadc413,pages/en/beca7e0dfe318b71.html.gz
en,https://en.beautyblossom.kr/100,w20250319516fc77f1c27f,3D Skin Diagnosis Benefits,document_bundle,true,true,true,true,c90112216043ed849d09c22364528357595f2ef416705b266479601dbbf39cc6,f07c87f9916914d212558d13b6b842abf5ed240979a6926e24bb46e1efadc413,pages/en/beca7e0dfe318b71.html.gz
en,https://en.beautyblossom.kr/107,w20250713df0e94da60995,시술 전후 비교,document_bundle,true,true,true,true,e7793e78ad9061609bce2311e10c0487e6afa183127a6efc73f853c2fa29e79b,e52284181b474038002e74f257fd0d99938177094564745486bcef6dabec8059,pages/en/3a6e6d52e9ee3b99.html.gz
en,https://en.beautyblossom.kr/129,w202502284ba883423bb34,모던 카드 디자인,document_bundle,true,true,true,true,62dedf2373622ce570f850e679a8cfcbcad89e66812303e36807fef285d72f50,5769f7b2407117fad8128406839207080e03eb5b5c369deb60a0fbe498b549a9,pages/en/eecf1d0e5741a0b7.html.gz
en,https://en.beautyblossom.kr/130,w202502287791737fee006,피부 시술 비교 테이블,document_bundle,true,true,true,true,1e96450fa31a2384d34f20bda53f8df928595d994b25115c28ee6e672a19cc04,fe11aff83f0681d60f63ae4a95ffbc4c3cbc1634ce2d63503ed0f2259d1f10c9,pages/en/8a8c87690c5129c6.html.gz
en,https://en.beautyblossom.kr/28,w202502285677f15b5e0ce,Botox Treatment Areas,document_bundle,true,true,true,true,71dbe6baedebc76e3fd7ad095488c8570ada8b28d099b92179bdb33806593720,7143f3596c33ae301561ddc48ca0abe2b170e8f0aef0c761dfd80fe8cb9554f5,pages/en/e81fd56574e102fb.html.gz
en,https://en.beautyblossom.kr/39,w202509165b02f1968a7fd,의료장비 전문 솔루션,document_bundle,true,true,true,true,37a500ceeb52dad2cf41a0821b1b99cc642490992fc4ff9ee97cc98ce6f62857,f4617986108e6f1907e476bf1d4b9a38b9b12203e270fcc3b1b832839ba8bc7b,pages/en/c7cf1af755bafefa.html.gz
en,https://en.beautyblossom.kr/3D,w202508142439c2fd70cf5,EVE V MUSE 리포트 안내,partial_document,true,true,true,false,a3864833873df25c6eeb9f49afac36c8e2cad25d0e21a5c990a1bc3f392e678b,02dc43ba2e8832cc6496ee85bab0d35b3deb162e8c1a3ba373c3ee841b534305,pages/en/d36d0f5f6c230713.html.gz
en,https://en.beautyblossom.kr/55,w20250228b16ca6348b8fa,바디 부위별 시술 안내,partial_document,true,true,true,false,07eb157a1d6b0794ad286d642f29ca36b07dd8400b6d936f2f301319fd6b28ff,c97165581e5bb9f6b51e6aee9d22d53dd3840e9a59368bca15d82eee360c388c,pages/en/a0f27842ed7f943c.html.gz
en,https://en.beautyblossom.kr/65,w20250228eea2b33447d6d,3단계 필링 시스템,document_bundle,true,true,true,true,3254a55ce15c4acb6351147fc04e451ba3cd37884a538ba694b4a10fcc767848,1a876f681a7b7084bd8b7ebee877f5071db66b177d0a57321fb79f14e22f9667,pages/en/5a4266b155fbeb36.html.gz
en,https://en.beautyblossom.kr/67,w2025022810e0424ef1811,3단계 필링 시스템,document_bundle,true,true,true,true,2179691656ce82a619f71de805838a9161f38077109e5106d44455cbe02fb00f,07e56c737f70a3be5645508d4ba4d29d6a14172a650b60434ddbf093a46e975d,pages/en/7ef4addd94a078e1.html.gz
en,https://en.beautyblossom.kr/69,w20250228f47e2230682cb,여드름 종류와 특징,document_bundle,true,true,true,true,5bfde968f12b484ea85664695e6ed9473348f1eed46033d45176764b984a95f0,374bcff19b9c5ab8820433c4b5481fb7733cbcd921fb04c0c6e20eef69c14955,pages/en/86744e8b7ae78008.html.gz
en,https://en.beautyblossom.kr/73,w2025022823c61822ca74f,피코슈어,document_bundle,true,true,true,true,482e47d81274119fcc0b36108a13b28e8b209ab92b85fba36ab765ade64be6bf,15bac5d4b1ae01b9165a282bea9b978e1475f0e0ebb5de9c93bbbf88c98e3fda,pages/en/bad0d367343898ed.html.gz
en,https://en.beautyblossom.kr/99,w2025031977d746e59712f,Non-Sleep Gas Sedation Benefits,document_bundle,true,true,true,true,94185dbbbb5797fa6f7d3d03569826348d0f371288d852a6f201798feb55f060,91ee1aebaf7e3dd0c65c91099d8d7bd1ce940adef49157415a4afc85a90fda51,pages/en/bdd4f4173ec1f3d5.html.gz
en,https://en.beautyblossom.kr/99,w2025031991daaf836fb2f,Porter 웃음 진정기 특징,document_bundle,true,true,true,true,04b33bf7406314d669ce2e1428bb19ac1b5312c358750b6c4475c425f5f64b9b,91ee1aebaf7e3dd0c65c91099d8d7bd1ce940adef49157415a4afc85a90fda51,pages/en/bdd4f4173ec1f3d5.html.gz
en,https://en.beautyblossom.kr/99,w2025031973d9be96a95e9,Non-Sleep Gas Anesthesia Benefits,document_bundle,true,true,true,true,e0d54fa57d00fca5ef4e4d888996c96be7f3eae21f3b6aa89d08d16b1c4f444e,91ee1aebaf7e3dd0c65c91099d8d7bd1ce940adef49157415a4afc85a90fda51,pages/en/bdd4f4173ec1f3d5.html.gz
en,https://en.beautyblossom.kr/99,w202503194a704ff583091,Comparison of Sleep Sedation vs. Nitrous Oxide Sedation,document_bundle,true,true,true,true,29738a639e2f73d32ab6223157bc6854ba2182b367b6c2487d6adf3841e450d9,91ee1aebaf7e3dd0c65c91099d8d7bd1ce940adef49157415a4afc85a90fda51,pages/en/bdd4f4173ec1f3d5.html.gz
en,https://en.beautyblossom.kr/99,w20250319d17882c8b641d,Comparison of Gas Sedation Types,document_bundle,true,true,true,true,91dc4ebc07f0e4fe2021508e9a5019a5e780a0c4c59ffea0af24f1e1cd69f7f4,91ee1aebaf7e3dd0c65c91099d8d7bd1ce940adef49157415a4afc85a90fda51,pages/en/bdd4f4173ec1f3d5.html.gz
en,https://en.beautyblossom.kr/LDM,w2025081430f03872016f8,스컬트라 텍스트 박스,document_bundle,true,true,true,true,56957540018751ff1c59a6ed72750c97a70add593dc0bcdb9b801738082d5011,1e45ce9ab30651cd40e91c91484ad61a26f5c9518b6013a0fe7d8696c831a326,pages/en/e58cddb731926184.html.gz
en,https://en.beautyblossom.kr/Sculptra,w202508148011785b92451,비메오 영상 - 수정됨,document_bundle,true,true,true,true,43ae011ad77ce862feeb5ce7f32669ee61209cffa01d2d05d76deeb13da40d9e,154d1a385e2b4b886cb526a7629fa2fbeb3e808c93bfdb55cd36ec1de6eca0b2,pages/en/1be1ad54759cd58d.html.gz
en,https://en.beautyblossom.kr/Sculptra,w20250814d5fdf49d40543,스컬트라 텍스트 박스,document_bundle,true,true,true,true,b961df5078c225cfb84391e3ba429e311e6f8db6f5c5a0bff457f9f0cef72693,154d1a385e2b4b886cb526a7629fa2fbeb3e808c93bfdb55cd36ec1de6eca0b2,pages/en/1be1ad54759cd58d.html.gz
en,https://en.beautyblossom.kr/Sculptra,w20250814b43d82ef38f1e,비메오 영상 1,document_bundle,true,true,true,true,61ba1b717acec8abd5d7527fbc278f60c2e1783974d7e073273d8ca7e46d9252,154d1a385e2b4b886cb526a7629fa2fbeb3e808c93bfdb55cd36ec1de6eca0b2,pages/en/1be1ad54759cd58d.html.gz
en,https://en.beautyblossom.kr/thread-lifting,w20260606600bb8a29ee20,Thread Lifting | MINT & epiticon Dual Line-up - Beauty Blossom Clinic,document_bundle,true,true,true,true,556013c38ac89d4de48f60bbdc59f05f2f0dc45f8cf8c6c05ada8336c10df808,fa27c84b6586074cbcac59c11dc1080ccc50ebad423ca869d789dff230dc3f2e,pages/en/ff08061c96e5f1a3.html.gz
jp,https://jp.beautyblossom.kr/100,w20250319b1d7915f52cca,肌分析システム,document_bundle,true,true,true,true,93e94a542a196249997bf8352015ea4e91f531f79d94ec3c6a9b44d10446cc67,c655d5d1b93da332f5bf03433d21915b4258327f6ba92d3cd2caa5e39bc7d609,pages/jp/c377719db93635f2.html.gz
jp,https://jp.beautyblossom.kr/100,w2025031937cffebe713bc,3D肌診断のメリット,document_bundle,true,true,true,true,5a80606a04f96a4018899fa8508aacb0c7bed2a64c42cef70c9e1aadf53b6b08,c655d5d1b93da332f5bf03433d21915b4258327f6ba92d3cd2caa5e39bc7d609,pages/jp/c377719db93635f2.html.gz
jp,https://jp.beautyblossom.kr/107,w20250713508e5ed9d48fd,시술 전후 비교,document_bundle,true,true,true,true,4843353b0ad11aa5ce5966fa0d88ea5ccc60a833b3ed328040a58726ccab9df4,84de13564b4c52176fa8c58a6c2bf565060f3acaf34fa4225fc04849a6c0e68a,pages/jp/fba31a842439d196.html.gz
jp,https://jp.beautyblossom.kr/129,w202503042e5aa840e6cef,모던 카드 디자인,document_bundle,true,true,true,true,22da17f76ccbef5b1829fe7746b26dcaa761bc3868f33dbf3c07d6c5d17bc559,94d77f912900de137ed9d828d255d4eb1b9e3d8cb6a4fe02bb57a3a2ac8588d1,pages/jp/db7c00ef316ba915.html.gz
jp,https://jp.beautyblossom.kr/130,w20250304ede63b034852d,피부 시술 비교 테이블,document_bundle,true,true,true,true,42a0c573aebcce8d5ba8a8050193929eeae4f07f5deaaedb6be88a036944bb5a,159064ac277ee14c29f7264b29f2cee0a5a97aa2153efb7f7ee37ec27af4d136,pages/jp/0133752ab7630905.html.gz
jp,https://jp.beautyblossom.kr/28,w20250304ff2cc953ffccf,보톡스 시술 부위,document_bundle,true,true,true,true,8f907c8c19a51eadced7647da55b54e9cd7e717e7d5ba76c0927e4c58269c3e1,b17ce72527dccc81c8f1496d5dcbb83c9228399e9733814f6101895bd8ac6389,pages/jp/384345820efc6302.html.gz
jp,https://jp.beautyblossom.kr/39,w20250916e45ea35b780e0,의료장비 전문 솔루션,document_bundle,true,true,true,true,37a500ceeb52dad2cf41a0821b1b99cc642490992fc4ff9ee97cc98ce6f62857,db0e679d61f5ac39406d13442cbe4ed19a36fbf32de22d85fd626b24667b27c4,pages/jp/c23aa467466a78a6.html.gz
jp,https://jp.beautyblossom.kr/3D,w202508149fe021171d219,EVE V MUSE 리포트 안내,partial_document,true,true,true,false,82571fc3a8c3c76171b7f2d1a7b7dc98b5512238bf4d099c2e81a5f10cbab2d4,e0bfd568d7acef9951f8f674485376b7f443ce73259b27e6d0d2b22c587abafb,pages/jp/2c3b41117b457a13.html.gz
jp,https://jp.beautyblossom.kr/55,w20250304029ae527d8374,바디 부위별 시술 안내,document_bundle,true,true,true,true,2c216707ba1cd7e91af9cbc53a6f0106e5512390c6fd0ed5ba1176ccd0391fa6,15bd5eff19415ea4c5a41a97530368daa902313bcd89ce82b17fd58d04144d9f,pages/jp/d76a685aa621688c.html.gz
jp,https://jp.beautyblossom.kr/65,w20250304189e2ba75dd58,3단계 필링 시스템,document_bundle,true,true,true,true,c2a25c1d472b52ebbeba24b5c1292ee5aff415fdcd4b810aede4192d8750175d,eba68774f02367780c3cd51076e35a0a37763775eed66ccba92f468ccdb15296,pages/jp/8017a13e7ec094b6.html.gz
jp,https://jp.beautyblossom.kr/67,w20250304016185771a4f6,3단계 필링 시스템,document_bundle,true,true,true,true,2179691656ce82a619f71de805838a9161f38077109e5106d44455cbe02fb00f,2c15b41b0b2ba3c02b65b0958909410ef814e8bfef68055eac49cbc8431934d8,pages/jp/5a2c3532a07c1dff.html.gz
jp,https://jp.beautyblossom.kr/69,w20250304e6aa487692935,여드름 종류와 특징,document_bundle,true,true,true,true,9cf3010748aa60bdb920947d21999c2af0496d4d409b7414405e8d931f70fe88,9e7ed780010f42e2498b641d2ec9daa67a568431167e8d031d92bdd946457926,pages/jp/d6f1fcb693350e96.html.gz
jp,https://jp.beautyblossom.kr/73,w20250304acc9968901c3d,피코슈어,document_bundle,true,true,true,true,c5e5138cfc9cedb71cc1772dac6e63d8427f848d7a6cf2cc5792de6612a7e5de,ff5bbc303050f5f29fbb0af28fbef25049b2c37464e0a94e85bdfbc579ad926c,pages/jp/655b6ebe317c2c3a.html.gz
jp,https://jp.beautyblossom.kr/99,w20250319b61362e4b3055,非麻酔ガス麻酔のメリット,document_bundle,true,true,true,true,8a5fd31f977e3502b690a6d14c5367f985265d8e1e82588e7fb8726a553ec81c,2d111ec5f4be74d4a5b0972b18f5b79c9a1db2ca0bc84c56b88dedd401c3b079,pages/jp/2cbbbfb2364d100f.html.gz
jp,https://jp.beautyblossom.kr/99,w20250319da4facce884a9,Porter 笑気鎮静器の特徴,document_bundle,true,true,true,true,b9f3fda737c4892cd02f703a311c227c7e5c4222c75b6f5110cd8d08daf92e1a,2d111ec5f4be74d4a5b0972b18f5b79c9a1db2ca0bc84c56b88dedd401c3b079,pages/jp/2cbbbfb2364d100f.html.gz
jp,https://jp.beautyblossom.kr/99,w2025031949b2f4914b157,非麻酔ガス麻酔のメリット,document_bundle,true,true,true,true,600249259048d347fbcfbff98445da4809bbdf4e5c2977307351cec5e7cb2832,2d111ec5f4be74d4a5b0972b18f5b79c9a1db2ca0bc84c56b88dedd401c3b079,pages/jp/2cbbbfb2364d100f.html.gz
jp,https://jp.beautyblossom.kr/99,w202503195600e14ea098c,全身麻酔と非麻酔ガス麻酔の比較,document_bundle,true,true,true,true,4ebc8fd3055620816a88473b0f07b4fe90591cd61b02ea432cbeaab10961afec,2d111ec5f4be74d4a5b0972b18f5b79c9a1db2ca0bc84c56b88dedd401c3b079,pages/jp/2cbbbfb2364d100f.html.gz
jp,https://jp.beautyblossom.kr/99,w202503191c2ece3b0e90e,ガス麻酔の種類比較,document_bundle,true,true,true,true,01834bd3979635682d0cce9ab932bb9abb1add1536eba41029bf1ce2979c145f,2d111ec5f4be74d4a5b0972b18f5b79c9a1db2ca0bc84c56b88dedd401c3b079,pages/jp/2cbbbfb2364d100f.html.gz
jp,https://jp.beautyblossom.kr/LDM,w2025081428fba776387ce,스컬트라 텍스트 박스,document_bundle,true,true,true,true,6c399227076884fb16ded387de7a06c0d516da898dbd4b59cb9e087276252a88,ce3199ee2de404c5d7de37d9dc6f80a0363ae0dd73a85f37476876c5a4e25c54,pages/jp/67793ac2e3d4ae67.html.gz
jp,https://jp.beautyblossom.kr/Sculptra,w20250814bd41fbe2e9928,비메오 영상 - 수정됨,document_bundle,true,true,true,true,43ae011ad77ce862feeb5ce7f32669ee61209cffa01d2d05d76deeb13da40d9e,897279c35314bd8aff9e4ae472d04791540f7f04dbafaa877dd918f698516dd2,pages/jp/4261877f1fe973d8.html.gz
jp,https://jp.beautyblossom.kr/Sculptra,w202508147a11dc8f0f404,스컬트라 텍스트 박스,document_bundle,true,true,true,true,3939ba9c41eae9d891c6440f87632560a0e51639900b53c708e32a72254b946a,897279c35314bd8aff9e4ae472d04791540f7f04dbafaa877dd918f698516dd2,pages/jp/4261877f1fe973d8.html.gz
jp,https://jp.beautyblossom.kr/Sculptra,w20250814cdf55b1ec11c2,비메오 영상 1,document_bundle,true,true,true,true,61ba1b717acec8abd5d7527fbc278f60c2e1783974d7e073273d8ca7e46d9252,897279c35314bd8aff9e4ae472d04791540f7f04dbafaa877dd918f698516dd2,pages/jp/4261877f1fe973d8.html.gz
jp,https://jp.beautyblossom.kr/thread-lifting,w20260606f36e95c44d9ca,糸リフト | ミントリフト・エピティコン デュアルラインナップ - ビューティーブロッサムクリニック,document_bundle,true,true,true,true,624ad41b5b2030e2a24e2a32c300d6a1a1c36dbc926b5cb0eef9c69a805e8921,42fa799166ac90127d55a96a864e9cb4adf2b7e5f96a456aa708595fc4c2492c,pages/jp/bc25f7c08c009d8d.html.gz
cn,https://cn.beautyblossom.kr/100,w20250319f5ba235293a27,비수면 가스마취 혜택,document_bundle,true,true,true,true,bba2a27458e904e597e945c01cf5da1b78253091c25efa35b41a2187126d39f6,81031be9e1f1fef9d76646e1a0f38adba69930b62397bb249aaa02ca2019cf27,pages/cn/138e323d9d04e4dd.html.gz
cn,https://cn.beautyblossom.kr/100,w202503197036a52c177cf,Porter 웃음 진정기 특징,document_bundle,true,true,true,true,37640f092a39315f8b0954570ff5eb5e7a7122add427537f0f143c71ac45ef61,81031be9e1f1fef9d76646e1a0f38adba69930b62397bb249aaa02ca2019cf27,pages/cn/138e323d9d04e4dd.html.gz
cn,https://cn.beautyblossom.kr/100,w20250319a007dd9203bcb,비수면 가스마취 혜택,document_bundle,true,true,true,true,07440b8758bf70bed438115c46c3c425e8fabae0aa937f2421aea03d353da728,81031be9e1f1fef9d76646e1a0f38adba69930b62397bb249aaa02ca2019cf27,pages/cn/138e323d9d04e4dd.html.gz
cn,https://cn.beautyblossom.kr/100,w202503199a716586d6332,수면마취와 비수면 가스마취 비교,document_bundle,true,true,true,true,f237dee52cd6a41f7a920346142ab67cf85dca48975e3d5bb2226c914c5ca9a7,81031be9e1f1fef9d76646e1a0f38adba69930b62397bb249aaa02ca2019cf27,pages/cn/138e323d9d04e4dd.html.gz
cn,https://cn.beautyblossom.kr/100,w202503191949d94dfab7f,가스마취 종류 비교,document_bundle,true,true,true,true,e11095aeac6378430e30dd49b78f7cb108b982d8d6998302b8f980e8c8aa587b,81031be9e1f1fef9d76646e1a0f38adba69930b62397bb249aaa02ca2019cf27,pages/cn/138e323d9d04e4dd.html.gz
cn,https://cn.beautyblossom.kr/101,w20250319e108070507c8b,피부 분석 시스템,document_bundle,true,true,true,true,5ab2a69ac79e4227c406d51f678782703bd01f75e12777855ad236f000cc7dcf,df6cc3318297dfc6f969b3a971a4e4cf8ef0b7a744b949472e8ab8965413e75d,pages/cn/b71f299a26d9d0ed.html.gz
cn,https://cn.beautyblossom.kr/101,w20250319c363d587040cf,3D 피부 진단 혜택,document_bundle,true,true,true,true,532cdff0606376364f3b5d027950fcba1d56ca209cee32d095af19af3d36841d,df6cc3318297dfc6f969b3a971a4e4cf8ef0b7a744b949472e8ab8965413e75d,pages/cn/b71f299a26d9d0ed.html.gz
cn,https://cn.beautyblossom.kr/108,w202507136202f3509509a,시술 전후 비교,document_bundle,true,true,true,true,f6452dc2d117663d0a1a35e5ea30170a031ed63778ef12e5fa5267a48138fdd2,069429c41eb38667bd9c68e2c26ad024e2dedbe60f59aab7a7965cd6dc0a28e8,pages/cn/dfd12a5badb8c77d.html.gz
cn,https://cn.beautyblossom.kr/129,w20250306881d4b5d7f555,모던 카드 디자인,document_bundle,true,true,true,true,2067e516e2d6883cfd1b80d9194bdc40bb7cc967c0236f6d318fb561255d9f9a,df10b79a1216964707a14386a03d436d6b4ce4fb640a760b27ed7224c1e89b82,pages/cn/a207099fea23f750.html.gz
cn,https://cn.beautyblossom.kr/130,w20250306bd1c2e7294436,피부 시술 비교 테이블,document_bundle,true,true,true,true,5bc5249814901b6c8020def5e624209688ba786eb13806eea9463cbcfe1a7a1f,f772acbc2da490faefcbada8a2ac12e92d55a2cc7e896d4d498f1f1dac30b4f5,pages/cn/c76bdcf2e28b580f.html.gz
cn,https://cn.beautyblossom.kr/28,w202503067b7a1da2910a4,보톡스 시술 부위,document_bundle,true,true,true,true,32c214427373be5d9d21b7d88122819e7646a20db5e297df4a71ec26e5dfc872,83e1c1a5bd2d46b53012661c2c41575bd90ec373e7aa9194096991f04e857490,pages/cn/b18baa5f9ba93afe.html.gz
cn,https://cn.beautyblossom.kr/39,w20250916db784093cad1e,의료장비 전문 솔루션,document_bundle,true,true,true,true,37a500ceeb52dad2cf41a0821b1b99cc642490992fc4ff9ee97cc98ce6f62857,70d2340d615b387f44777f79a4cbaf19bc8df27cdbad278f60c08e2f5a542ec6,pages/cn/e1841eaa8faa66c1.html.gz
cn,https://cn.beautyblossom.kr/3D,w202508147c3c54e334aed,EVE V MUSE 리포트 안내,partial_document,true,true,true,false,fc5d4f2008d44636507096ec2ec9ca2feef2a95b629050110597fd0de8afa7bf,44bad38864b20f50ce22216d1e4edce3bc4d5f8ccaa10643ee301551348060d3,pages/cn/71fae028b83e918b.html.gz
cn,https://cn.beautyblossom.kr/55,w202503061b0a23651521d,바디 부위별 시술 안내,document_bundle,true,true,true,true,67c63d436f97df8333d84041c78740f5644ebbd93ef50b1f423998e617340488,2cf7fa1e5a75a8fc5ab590401822b91c3ea66b871e382f6561666dc65777d008,pages/cn/a332fd7c73068526.html.gz
cn,https://cn.beautyblossom.kr/65,w202503069af6719ca67c4,3단계 필링 시스템,document_bundle,true,true,true,true,86f8ae3ca92517c71b6989b3c70dfe264c49345dcdad48a0c9874ee8f80902f7,d049f1a89705f533b80071ff57e811e6a796d0a7a7ff148203f7b1db0a8111dd,pages/cn/107e97d0f4c90a9a.html.gz
cn,https://cn.beautyblossom.kr/67,w20250306ae1905663d444,3단계 필링 시스템,document_bundle,true,true,true,true,2179691656ce82a619f71de805838a9161f38077109e5106d44455cbe02fb00f,1062b1c440ef7292da79729f2189be2ff22523052258fad2d1ff1266ec35c61f,pages/cn/a4b7410c5a9771a8.html.gz
cn,https://cn.beautyblossom.kr/69,w20250306ca0763918845e,여드름 종류와 특징,document_bundle,true,true,true,true,e734c683ddb47cf3eadf734396fe55d8976ae8a81c5f25b5047985055fe2bec8,0439935791f289f8c9eeda3142d56537a6e07b4edb5c4edaecabac0cb7815a9f,pages/cn/c4ff4f51ddf6b2a3.html.gz
cn,https://cn.beautyblossom.kr/73,w202503063f13894eef753,PicoSure,document_bundle,true,true,true,true,b453652a9487425ad02fa3c45e6fec8eaaea8d75c8f79e28102803147aa3037e,289c91acd51f0e6accbb2d7dfdfeaff970a2dabde4058ad8050cf78a28a876d8,pages/cn/1b800f5a5969e07f.html.gz
cn,https://cn.beautyblossom.kr/LDM,w20250814a5c444dad8fdf,스컬트라 텍스트 박스,document_bundle,true,true,true,true,2f30192426e7a2c08ec2d0c88129104cca1285fe48b703b309307f525eb05e77,2383fc85b9f71fe940a0c6fdbd6e6f6a9a6df723cb5292884e9d3e382058da62,pages/cn/87bfadde558303e3.html.gz
cn,https://cn.beautyblossom.kr/Sculptra,w2025081421e7d390242b5,비메오 영상 - 수정됨,document_bundle,true,true,true,true,43ae011ad77ce862feeb5ce7f32669ee61209cffa01d2d05d76deeb13da40d9e,1fdffc37e966280729657e54c221692e5223b694b63100afb4cd9f65765a1497,pages/cn/f217a0041b0d3d12.html.gz
cn,https://cn.beautyblossom.kr/Sculptra,w2025081499a0166df77a4,스컬트라 텍스트 박스,document_bundle,true,true,true,true,d2c7f5a17efe74f6744e0878ddffc25ee4faad55495e1f848b5d5ebd0bd13683,1fdffc37e966280729657e54c221692e5223b694b63100afb4cd9f65765a1497,pages/cn/f217a0041b0d3d12.html.gz
cn,https://cn.beautyblossom.kr/Sculptra,w2025081493f72d4dce705,비메오 영상 1,document_bundle,true,true,true,true,61ba1b717acec8abd5d7527fbc278f60c2e1783974d7e073273d8ca7e46d9252,1fdffc37e966280729657e54c221692e5223b694b63100afb4cd9f65765a1497,pages/cn/f217a0041b0d3d12.html.gz
cn,https://cn.beautyblossom.kr/thread-lifting,w20260606652e0467c509d,线雕拉提 | MINT & epiticon 双线产品组合 - Beauty Blossom 丽朵皮肤科,document_bundle,true,true,true,true,25e32c341a5507775af5fcdc403376c57145bd32fa93906a2fc8b4713fff4ea6,3950dd723c16d3d35fd1b375fa07e3d75037fe7f0d2f9a9b6fabb17e62f20483,pages/cn/e9806bcad635be8a.html.gz
tw,https://tw.beautyblossom.kr/129,w2025121029987cc15c986,모던 카드 디자인,document_bundle,true,true,true,true,f9cc6a55b197f24ba6adecb326110ba49a710709bd946acf5e0d5a258467ac96,948fdb6df411226f7cdac03888c01267b966afcbc6c2721c11761af48c6fe0c1,pages/tw/375a7b1c30549f24.html.gz
tw,https://tw.beautyblossom.kr/130,w20251210835ce0069214f,피부 시술 비교 테이블,document_bundle,true,true,true,true,4073dad123672b57e95aa4158713347258a69802d548e6b5d5535d1461019154,cc6f8a7984b5248e6fd98124fa9184d1cbb3a2e3c30d320ece7da29ce7196af9,pages/tw/4d820109cf710a6f.html.gz
tw,https://tw.beautyblossom.kr/131,w2025121062576e2262e16,비수면 가스마취 혜택,document_bundle,true,true,true,true,00486927a3934adce254007995bd8f8d7db4ca2981a1f0f7cbf8fd29fd953491,35074f18be2fb986ab8eda178bf6899fca3af4d2471985bfa61fab25395fc793,pages/tw/a9831071ef56c36f.html.gz
tw,https://tw.beautyblossom.kr/131,w20251210b7b22a39a81ac,Porter 웃음 진정기 특징,document_bundle,true,true,true,true,022d30575d779515ddb27b5ab83088fe367c1bbde6bf01140579fefe1b85c044,35074f18be2fb986ab8eda178bf6899fca3af4d2471985bfa61fab25395fc793,pages/tw/a9831071ef56c36f.html.gz
tw,https://tw.beautyblossom.kr/131,w20251210969c15d0ecd47,비수면 가스마취 혜택,document_bundle,true,true,true,true,2adf8d1a4ed4997c9bad7c4112f481ab0e9b300a8849cf9e9cbc0a42e2fe599b,35074f18be2fb986ab8eda178bf6899fca3af4d2471985bfa61fab25395fc793,pages/tw/a9831071ef56c36f.html.gz
tw,https://tw.beautyblossom.kr/131,w20251210fdbaff39b1f05,수면마취와 비수면 가스마취 비교,document_bundle,true,true,true,true,2db958c151446703ccf78b6a7ab32a4ec423d213c9d73c554392f0f5cc5393b9,35074f18be2fb986ab8eda178bf6899fca3af4d2471985bfa61fab25395fc793,pages/tw/a9831071ef56c36f.html.gz
tw,https://tw.beautyblossom.kr/131,w2025121078ebfdc27630d,가스마취 종류 비교,document_bundle,true,true,true,true,e46a1dcfb5942d99e8b7a9032392a6ba35c3a2d8413b4cfe20e58eca4009f606,35074f18be2fb986ab8eda178bf6899fca3af4d2471985bfa61fab25395fc793,pages/tw/a9831071ef56c36f.html.gz
tw,https://tw.beautyblossom.kr/132,w2025121096cf632794bbb,AI 빅데이터 분석 - 피부 진단 시스템,document_bundle,true,true,true,true,12eb4df8d40ece4ad51f7661652dc0d9de7935f0fc5d543921d0974fb11da7f4,ee2fc8a774875b1fb32eb84c4b1d88c7611da7070431efab7e24399f109430fc,pages/tw/ee106b07baceef35.html.gz
tw,https://tw.beautyblossom.kr/132,w20251210e005a7d128440,EVE V MUSE 리포트 안내,document_bundle,true,true,true,true,db736b53666ae9281120cf32fb766380108f18ad2fd004c64f516165cee224f9,ee2fc8a774875b1fb32eb84c4b1d88c7611da7070431efab7e24399f109430fc,pages/tw/ee106b07baceef35.html.gz
tw,https://tw.beautyblossom.kr/132,w20251210a0aaaec246b53,피부 분석 솔루션,document_bundle,true,true,true,true,a06b800778992ec56d722f4538ffa5b16b458caa49fa0b8106d984daec5a3e48,ee2fc8a774875b1fb32eb84c4b1d88c7611da7070431efab7e24399f109430fc,pages/tw/ee106b07baceef35.html.gz
tw,https://tw.beautyblossom.kr/132,w20251210c090361603790,진료 과정,document_bundle,true,true,true,true,3b5090b4403e420ff416cbec12ce4535638d04731b5720c658f5e555f3a4d3c0,ee2fc8a774875b1fb32eb84c4b1d88c7611da7070431efab7e24399f109430fc,pages/tw/ee106b07baceef35.html.gz
tw,https://tw.beautyblossom.kr/140,w202512100fbd54127593c,스컬트라 효과,document_bundle,true,true,true,true,2ec43f2fc77b86d8b1b69de78b3336f6eaf06e57d1da316540900e2c71985749,9be1aa14ecf4e7fb8597c64437f60ea0c5d75f88315c91f8be112734f85e2fb0,pages/tw/ece32ef308fed7bf.html.gz
tw,https://tw.beautyblossom.kr/140,w20251210c344a221cd8c2,비메오 영상 - 수정됨,document_bundle,true,true,true,true,28eaad13ad32ae1ead72ef025e3840a810f7965d034d2295bbd91625c4cda5c3,9be1aa14ecf4e7fb8597c64437f60ea0c5d75f88315c91f8be112734f85e2fb0,pages/tw/ece32ef308fed7bf.html.gz
tw,https://tw.beautyblossom.kr/140,w20251210934877b683ce4,스컬트라 텍스트 박스,document_bundle,true,true,true,true,c249293c72420c2db9329c340a48a48769c47c4c03766aefbd59fda15cae22a9,9be1aa14ecf4e7fb8597c64437f60ea0c5d75f88315c91f8be112734f85e2fb0,pages/tw/ece32ef308fed7bf.html.gz
tw,https://tw.beautyblossom.kr/140,w202512106e0411684ffa1,비메오 영상 1,document_bundle,true,true,true,true,ca8f48e03d502224c5041518dba2cc525609594754a8d08bdae3af83b0946ba5,9be1aa14ecf4e7fb8597c64437f60ea0c5d75f88315c91f8be112734f85e2fb0,pages/tw/ece32ef308fed7bf.html.gz
tw,https://tw.beautyblossom.kr/140,w20251210835cf3bb9bb7f,스컬트라 vs 필러 비교,document_bundle,true,true,true,true,5795276517e0665909ee96bf308c1c8a8496093aada5ec28029f3747cbfb0802,9be1aa14ecf4e7fb8597c64437f60ea0c5d75f88315c91f8be112734f85e2fb0,pages/tw/ece32ef308fed7bf.html.gz
tw,https://tw.beautyblossom.kr/140,w20251210464c99278cfe7,스컬트라 FAQ - 자주 묻는 질문,document_bundle,true,true,true,true,ec16cf98d76afc9cded6406902f32a64712ca0e5e4dde5b1bd35f09327dfdc79,9be1aa14ecf4e7fb8597c64437f60ea0c5d75f88315c91f8be112734f85e2fb0,pages/tw/ece32ef308fed7bf.html.gz
tw,https://tw.beautyblossom.kr/140,w20251210a09399874f0bc,스컬트라 시술 정보,document_bundle,true,true,true,true,7104107eca91b05dd4c61ca8a80f0c822330ca53815a7f22cc1e24ac09949701,9be1aa14ecf4e7fb8597c64437f60ea0c5d75f88315c91f8be112734f85e2fb0,pages/tw/ece32ef308fed7bf.html.gz
tw,https://tw.beautyblossom.kr/143,w202512108beb83f59688a,피부 분석 시스템,document_bundle,true,true,true,true,529056811adcdd0f867e0d9c4b5efe74d3fbcf72fb051d2eec21af3ff63a15a8,e65f695236c12719299c6c64db501bfd651ce68714c398946f7832ad38311726,pages/tw/76a17bf093990e67.html.gz
tw,https://tw.beautyblossom.kr/143,w2025121001179240254d2,3D 피부 진단 혜택,document_bundle,true,true,true,true,5d21ba00cf8197214fee9d7f8084e7926afe5fd003588d4fc985262ff5af4410,e65f695236c12719299c6c64db501bfd651ce68714c398946f7832ad38311726,pages/tw/76a17bf093990e67.html.gz
tw,https://tw.beautyblossom.kr/39,w202512102888ce05cf065,의료장비 전문 솔루션,document_bundle,true,true,true,true,37a500ceeb52dad2cf41a0821b1b99cc642490992fc4ff9ee97cc98ce6f62857,660b6520fc8b7dfef4063721661e6745f49234dcb9e3e1439709a56919194885,pages/tw/165e48436611faf0.html.gz
tw,https://tw.beautyblossom.kr/65,w202512104dbfcb3f573dc,3단계 필링 시스템,document_bundle,true,true,true,true,5804a45d5442555f88e0e51345d5533d23a937371120a34c0325d1797ce9eb34,ad757ffea12bfc1465b7a26a9214feb09ea250ab03263dab2fa2a7eb97325b35,pages/tw/60fe16b9341fd4af.html.gz
tw,https://tw.beautyblossom.kr/69,w20251210b26802b2d4176,여드름 종류와 특징,document_bundle,true,true,true,true,8371d62ae15d8260950e5b5707667b9cc9638c4b7478b9f1261a589a9c9e9d86,3dc7644769bb1e0c0f9feed5421466bbe650ae0942c452feead496bc89e1dc45,pages/tw/2b6db8104ad1ce21.html.gz
tw,https://tw.beautyblossom.kr/LDM,w20251210534ecb77fd5fe,스컬트라 텍스트 박스,document_bundle,true,true,true,true,305f49d15e22355da8f055e8495222f7ababe5d6844a30a4345f738c5f6062f8,1ff59db63de94912df1da39b8afbe3fd7305ccdf19489f93fb47b549b6fa39df,pages/tw/3ef1a47db2f66d7b.html.gz
tw,https://tw.beautyblossom.kr/LDM,w20251210937912165de16,Thermage Features,document_bundle,true,true,true,true,930fb1791641eab212dfa70e12d3f1901869403ef3987f0c6c1f228c9d4b421d,1ff59db63de94912df1da39b8afbe3fd7305ccdf19489f93fb47b549b6fa39df,pages/tw/3ef1a47db2f66d7b.html.gz
tw,https://tw.beautyblossom.kr/LDM,w2025121025796f60be7ce,스킨케어 프로그램 - 주름 타이트닝 리프팅 여드름 민감성 피부 치료,document_bundle,true,true,true,true,f6ebb1fa5afd66b05ffca1437a7b71b24aec823f8c391d1dea3f9feb0dc90d94,1ff59db63de94912df1da39b8afbe3fd7305ccdf19489f93fb47b549b6fa39df,pages/tw/3ef1a47db2f66d7b.html.gz
tw,https://tw.beautyblossom.kr/LDM,w20251210e563701cb8e24,피부 관리 솔루션,document_bundle,true,true,true,true,3efea90367caf746b280bd1f6f87312d5cf27777c776cdf1733237eda4b4ea5e,1ff59db63de94912df1da39b8afbe3fd7305ccdf19489f93fb47b549b6fa39df,pages/tw/3ef1a47db2f66d7b.html.gz
tw,https://tw.beautyblossom.kr/LDM,w20251210f371328cf15a2,수술 후 주의사항,document_bundle,true,true,true,true,4aa8fb50a23c78bd7f35addd756c0b8a80643b81fad628a0449c9021d9338db6,1ff59db63de94912df1da39b8afbe3fd7305ccdf19489f93fb47b549b6fa39df,pages/tw/3ef1a47db2f66d7b.html.gz
tw,https://tw.beautyblossom.kr/thread-lifting,w20260606699d46907f33a,埋線拉提 | MINT & epiticon 雙線材組合 - Beauty Blossom 麗朵皮膚科,document_bundle,true,true,true,true,efb1c1d87f71ed8c4cd16e1da62aea72d264552262da424fcb01949b5777a68c,37a9dc940e9361c736eb7cf8a3c4e9a7c4518f889ffb61dae77bb4e8ec5d4c27,pages/tw/a0835b58f5c98acd.html.gz
