site,url,title,source_line,parent,widget_id,evidence
kr,https://beautyblossom.kr/129,모던 카드 디자인,13192,div,w202502255accd0ae0f6ec,pages\kr\ed02bbbdb0a3b2e4.json
kr,https://beautyblossom.kr/130,피부 시술 비교 테이블,13611,div,w2025022534ad0016b9bbc,pages\kr\bcf640b6c09f4523.json
kr,https://beautyblossom.kr/131,비수면 가스마취 혜택,16158,div,w20250315e976dc2f2b64d,pages\kr\547696d2d06467d3.json
kr,https://beautyblossom.kr/131,Porter 웃음 진정기 특징,16233,div,w2025031739ed1d4946989,pages\kr\547696d2d06467d3.json
kr,https://beautyblossom.kr/131,비수면 가스마취 혜택,16286,div,w202503152fbe94d835e21,pages\kr\547696d2d06467d3.json
kr,https://beautyblossom.kr/131,수면마취와 비수면 가스마취 비교,16341,div,w202503154db9f63d212df,pages\kr\547696d2d06467d3.json
kr,https://beautyblossom.kr/131,가스마취 종류 비교,16448,div,w2025031778dda25a6646e,pages\kr\547696d2d06467d3.json
kr,https://beautyblossom.kr/132,AI 빅데이터 분석 - 피부 진단 시스템,15315,div,w2025081039e554189929c,pages\kr\c21d6b24281be2b6.json
kr,https://beautyblossom.kr/132,EVE V MUSE 리포트 안내,15455,div,w202503158bfdc18629607,pages\kr\c21d6b24281be2b6.json
kr,https://beautyblossom.kr/132,피부 분석 솔루션,15567,div,w202508102d909b198a8e2,pages\kr\c21d6b24281be2b6.json
kr,https://beautyblossom.kr/132,진료 과정,15615,div,w20250810081d1b4dc1dda,pages\kr\c21d6b24281be2b6.json
kr,https://beautyblossom.kr/139,소프웨이브 시술 정보,21558,div,w202507073d372f3d4ad89,pages\kr\733215157202804c.json
kr,https://beautyblossom.kr/139,시술 전후 비교,22005,div,w2025070833b1b4794a8ef,pages\kr\733215157202804c.json
kr,https://beautyblossom.kr/139,시술 전후 비교,22050,div,w2025070811a4fbb777306,pages\kr\733215157202804c.json
kr,https://beautyblossom.kr/139,시술 전후 비교,22093,div,w20250708c237f41d1c2b2,pages\kr\733215157202804c.json
kr,https://beautyblossom.kr/139,시술 전후 비교,22136,div,w202507083f4fed722136a,pages\kr\733215157202804c.json
kr,https://beautyblossom.kr/139,시술 전후 비교,22184,div,w20250708c53bbe3dfb620,pages\kr\733215157202804c.json
kr,https://beautyblossom.kr/139,시술 전후 비교,22232,div,w20250708e6496a2b6ac78,pages\kr\733215157202804c.json
kr,https://beautyblossom.kr/139,시술 전후 비교,22280,div,w2025070895cf3370c2b17,pages\kr\733215157202804c.json
kr,https://beautyblossom.kr/140,스컬트라 효과,18104,div,w20250730b88be59d2de94,pages\kr\937d12917d59e54a.json
kr,https://beautyblossom.kr/140,비메오 영상 - 수정됨,18186,div,w20250730b5423daa0d840,pages\kr\937d12917d59e54a.json
kr,https://beautyblossom.kr/140,스컬트라 텍스트 박스,18214,div,w202507314e351297399c5,pages\kr\937d12917d59e54a.json
kr,https://beautyblossom.kr/140,비메오 영상 1,18240,div,w2025073017a57c180999e,pages\kr\937d12917d59e54a.json
kr,https://beautyblossom.kr/140,스컬트라 vs 필러 비교,18391,div,w20250731810259bc8393a,pages\kr\937d12917d59e54a.json
kr,https://beautyblossom.kr/140,스컬트라 FAQ - 자주 묻는 질문,18457,div,w2025073171adeb1f5069d,pages\kr\937d12917d59e54a.json
kr,https://beautyblossom.kr/140,스컬트라 시술 정보,18551,div,w20250730dfe06cabc6068,pages\kr\937d12917d59e54a.json
kr,https://beautyblossom.kr/141,스컬트라 텍스트 박스,17993,div,w20250806697b25120df1c,pages\kr\09f46f6b5af50406.json
kr,https://beautyblossom.kr/141,Thermage Features,18030,div,w20250806bd43c4ad2ef33,pages\kr\09f46f6b5af50406.json
kr,https://beautyblossom.kr/141,스킨케어 프로그램 - 주름 타이트닝 리프팅 여드름 민감성 피부 치료,18096,div,w2025081053f4bf60862c7,pages\kr\09f46f6b5af50406.json
kr,https://beautyblossom.kr/141,피부 관리 솔루션,18253,div,w202508067f6e4c3b98b67,pages\kr\09f46f6b5af50406.json
kr,https://beautyblossom.kr/141,수술 후 주의사항,18304,div,w202508066f5f805b13bea,pages\kr\09f46f6b5af50406.json
kr,https://beautyblossom.kr/142,어깨필러 vs 보톡스,16043,div,w202508066c205e45f72dd,pages\kr\4af4360cfb55f5f9.json
kr,https://beautyblossom.kr/142,스컬트라 FAQ - 자주 묻는 질문,16131,div,w202508062409dbfec4486,pages\kr\4af4360cfb55f5f9.json
kr,https://beautyblossom.kr/143,피부 분석 시스템,15818,div,w202508109ead74e1ea19d,pages\kr\3794661f5395c8ce.json
kr,https://beautyblossom.kr/143,3D 피부 진단 혜택,15889,div,w202508106cceb77916469,pages\kr\3794661f5395c8ce.json
kr,https://beautyblossom.kr/28,보톡스 시술 부위,13625,div,w202502093504b04ef7753,pages\kr\aeef7ba2a75b749a.json
kr,https://beautyblossom.kr/39,퍼스널 레이어드 리프팅,13834,div,w202509157ee4e6d8217b4,pages\kr\4e2128de322e3dc9.json
kr,https://beautyblossom.kr/39,의료장비 전문 솔루션,13877,div,w20250915d2f48088741a6,pages\kr\4e2128de322e3dc9.json
kr,https://beautyblossom.kr/55,바디 부위별 시술 안내,13670,div,w202502271d1ad1741ba0c,pages\kr\87f43228b4593371.json
kr,https://beautyblossom.kr/65,3단계 필링 시스템,13082,div,w202502045ed3501453393,pages\kr\f83b222d7220cd9e.json
kr,https://beautyblossom.kr/69,여드름 종류와 특징,13234,div,w20250205132d72eada040,pages\kr\31892d03199d2b25.json
kr,https://beautyblossom.kr/73,피코슈어,20108,div,w202502223d1b22b16e45b,pages\kr\5d94041a3e081b89.json
kr,https://beautyblossom.kr/alltite-lifting,올타이트(Alltite) — 진피·SMAS 동시 가열 RF 리프팅 | DLTD® 신기술,5727,div,w20260706930c981fd4075,pages\kr\58e787a2387d2601.json
kr,https://beautyblossom.kr/thread-lifting,실리프팅 | 민트리프트 · 에피티콘 듀얼 라인업 - 뷰티블라썸의원,5951,div,w20260513c1c942c86f122,pages\kr\96be6c116786c260.json
kr,https://beautyblossom.kr/titanium-fortra-quattro,홍대·합정 4파장 다이오드 리프팅 | 포트라 콰트로 - 뷰티블라썸의원,5773,div,w2026070832539135516f0,pages\kr\2a3ec5cf23866a3e.json
en,https://en.beautyblossom.kr/100,Skin Analysis System,15189,div,w202503191fc94c552e612,pages\en\beca7e0dfe318b71.json
en,https://en.beautyblossom.kr/100,3D Skin Diagnosis Benefits,15261,div,w20250319516fc77f1c27f,pages\en\beca7e0dfe318b71.json
en,https://en.beautyblossom.kr/107,시술 전후 비교,19706,div,w20250713df0e94da60995,pages\en\3a6e6d52e9ee3b99.json
en,https://en.beautyblossom.kr/129,모던 카드 디자인,13447,div,w202502284ba883423bb34,pages\en\eecf1d0e5741a0b7.json
en,https://en.beautyblossom.kr/130,피부 시술 비교 테이블,13865,div,w202502287791737fee006,pages\en\8a8c87690c5129c6.json
en,https://en.beautyblossom.kr/28,Botox Treatment Areas,13843,div,w202502285677f15b5e0ce,pages\en\e81fd56574e102fb.json
en,https://en.beautyblossom.kr/39,의료장비 전문 솔루션,12777,div,w202509165b02f1968a7fd,pages\en\c7cf1af755bafefa.json
en,https://en.beautyblossom.kr/3D,EVE V MUSE 리포트 안내,15738,div,w202508142439c2fd70cf5,pages\en\d36d0f5f6c230713.json
en,https://en.beautyblossom.kr/55,바디 부위별 시술 안내,13924,div,w20250228b16ca6348b8fa,pages\en\a0f27842ed7f943c.json
en,https://en.beautyblossom.kr/65,3단계 필링 시스템,13336,div,w20250228eea2b33447d6d,pages\en\5a4266b155fbeb36.json
en,https://en.beautyblossom.kr/67,3단계 필링 시스템,13211,div,w2025022810e0424ef1811,pages\en\7ef4addd94a078e1.json
en,https://en.beautyblossom.kr/69,여드름 종류와 특징,13488,div,w20250228f47e2230682cb,pages\en\86744e8b7ae78008.json
en,https://en.beautyblossom.kr/73,피코슈어,20327,div,w2025022823c61822ca74f,pages\en\bad0d367343898ed.json
en,https://en.beautyblossom.kr/99,Non-Sleep Gas Sedation Benefits,16389,div,w2025031977d746e59712f,pages\en\bdd4f4173ec1f3d5.json
en,https://en.beautyblossom.kr/99,Porter 웃음 진정기 특징,16462,div,w2025031991daaf836fb2f,pages\en\bdd4f4173ec1f3d5.json
en,https://en.beautyblossom.kr/99,Non-Sleep Gas Anesthesia Benefits,16519,div,w2025031973d9be96a95e9,pages\en\bdd4f4173ec1f3d5.json
en,https://en.beautyblossom.kr/99,Comparison of Sleep Sedation vs. Nitrous Oxide Sedation,16575,div,w202503194a704ff583091,pages\en\bdd4f4173ec1f3d5.json
en,https://en.beautyblossom.kr/99,Comparison of Gas Sedation Types,16683,div,w20250319d17882c8b641d,pages\en\bdd4f4173ec1f3d5.json
en,https://en.beautyblossom.kr/LDM,스컬트라 텍스트 박스,18247,div,w2025081430f03872016f8,pages\en\e58cddb731926184.json
en,https://en.beautyblossom.kr/Sculptra,비메오 영상 - 수정됨,18430,div,w202508148011785b92451,pages\en\1be1ad54759cd58d.json
en,https://en.beautyblossom.kr/Sculptra,스컬트라 텍스트 박스,18458,div,w20250814d5fdf49d40543,pages\en\1be1ad54759cd58d.json
en,https://en.beautyblossom.kr/Sculptra,비메오 영상 1,18485,div,w20250814b43d82ef38f1e,pages\en\1be1ad54759cd58d.json
en,https://en.beautyblossom.kr/thread-lifting,Thread Lifting | MINT & epiticon Dual Line-up - Beauty Blossom Clinic,5705,div,w20260606600bb8a29ee20,pages\en\ff08061c96e5f1a3.json
jp,https://jp.beautyblossom.kr/100,肌分析システム,14657,div,w20250319b1d7915f52cca,pages\jp\c377719db93635f2.json
jp,https://jp.beautyblossom.kr/100,3D肌診断のメリット,14728,div,w2025031937cffebe713bc,pages\jp\c377719db93635f2.json
jp,https://jp.beautyblossom.kr/107,시술 전후 비교,19776,div,w20250713508e5ed9d48fd,pages\jp\fba31a842439d196.json
jp,https://jp.beautyblossom.kr/129,모던 카드 디자인,13496,div,w202503042e5aa840e6cef,pages\jp\db7c00ef316ba915.json
jp,https://jp.beautyblossom.kr/130,피부 시술 비교 테이블,13915,div,w20250304ede63b034852d,pages\jp\0133752ab7630905.json
jp,https://jp.beautyblossom.kr/28,보톡스 시술 부위,13905,div,w20250304ff2cc953ffccf,pages\jp\384345820efc6302.json
jp,https://jp.beautyblossom.kr/39,의료장비 전문 솔루션,12848,div,w20250916e45ea35b780e0,pages\jp\c23aa467466a78a6.json
jp,https://jp.beautyblossom.kr/3D,EVE V MUSE 리포트 안내,15792,div,w202508149fe021171d219,pages\jp\2c3b41117b457a13.json
jp,https://jp.beautyblossom.kr/55,바디 부위별 시술 안내,13978,div,w20250304029ae527d8374,pages\jp\d76a685aa621688c.json
jp,https://jp.beautyblossom.kr/65,3단계 필링 시스템,13309,div,w20250304189e2ba75dd58,pages\jp\8017a13e7ec094b6.json
jp,https://jp.beautyblossom.kr/67,3단계 필링 시스템,13315,div,w20250304016185771a4f6,pages\jp\5a2c3532a07c1dff.json
jp,https://jp.beautyblossom.kr/69,여드름 종류와 특징,13540,div,w20250304e6aa487692935,pages\jp\d6f1fcb693350e96.json
jp,https://jp.beautyblossom.kr/73,피코슈어,20424,div,w20250304acc9968901c3d,pages\jp\655b6ebe317c2c3a.json
jp,https://jp.beautyblossom.kr/99,非麻酔ガス麻酔のメリット,15800,div,w20250319b61362e4b3055,pages\jp\2cbbbfb2364d100f.json
jp,https://jp.beautyblossom.kr/99,Porter 笑気鎮静器の特徴,15873,div,w20250319da4facce884a9,pages\jp\2cbbbfb2364d100f.json
jp,https://jp.beautyblossom.kr/99,非麻酔ガス麻酔のメリット,15927,div,w2025031949b2f4914b157,pages\jp\2cbbbfb2364d100f.json
jp,https://jp.beautyblossom.kr/99,全身麻酔と非麻酔ガス麻酔の比較,15983,div,w202503195600e14ea098c,pages\jp\2cbbbfb2364d100f.json
jp,https://jp.beautyblossom.kr/99,ガス麻酔の種類比較,16085,div,w202503191c2ece3b0e90e,pages\jp\2cbbbfb2364d100f.json
jp,https://jp.beautyblossom.kr/LDM,스컬트라 텍스트 박스,18292,div,w2025081428fba776387ce,pages\jp\67793ac2e3d4ae67.json
jp,https://jp.beautyblossom.kr/Sculptra,비메오 영상 - 수정됨,18479,div,w20250814bd41fbe2e9928,pages\jp\4261877f1fe973d8.json
jp,https://jp.beautyblossom.kr/Sculptra,스컬트라 텍스트 박스,18507,div,w202508147a11dc8f0f404,pages\jp\4261877f1fe973d8.json
jp,https://jp.beautyblossom.kr/Sculptra,비메오 영상 1,18534,div,w20250814cdf55b1ec11c2,pages\jp\4261877f1fe973d8.json
jp,https://jp.beautyblossom.kr/thread-lifting,糸リフト | ミントリフト・エピティコン デュアルラインナップ - ビューティーブロッサムクリニック,5797,div,w20260606f36e95c44d9ca,pages\jp\bc25f7c08c009d8d.json
cn,https://cn.beautyblossom.kr/100,비수면 가스마취 혜택,15687,div,w20250319f5ba235293a27,pages\cn\138e323d9d04e4dd.json
cn,https://cn.beautyblossom.kr/100,Porter 웃음 진정기 특징,15759,div,w202503197036a52c177cf,pages\cn\138e323d9d04e4dd.json
cn,https://cn.beautyblossom.kr/100,비수면 가스마취 혜택,15809,div,w20250319a007dd9203bcb,pages\cn\138e323d9d04e4dd.json
cn,https://cn.beautyblossom.kr/100,수면마취와 비수면 가스마취 비교,15861,div,w202503199a716586d6332,pages\cn\138e323d9d04e4dd.json
cn,https://cn.beautyblossom.kr/100,가스마취 종류 비교,15966,div,w202503191949d94dfab7f,pages\cn\138e323d9d04e4dd.json
cn,https://cn.beautyblossom.kr/101,피부 분석 시스템,14681,div,w20250319e108070507c8b,pages\cn\b71f299a26d9d0ed.json
cn,https://cn.beautyblossom.kr/101,3D 피부 진단 혜택,14752,div,w20250319c363d587040cf,pages\cn\b71f299a26d9d0ed.json
cn,https://cn.beautyblossom.kr/108,시술 전후 비교,19782,div,w202507136202f3509509a,pages\cn\dfd12a5badb8c77d.json
cn,https://cn.beautyblossom.kr/129,모던 카드 디자인,13392,div,w20250306881d4b5d7f555,pages\cn\a207099fea23f750.json
cn,https://cn.beautyblossom.kr/130,피부 시술 비교 테이블,13811,div,w20250306bd1c2e7294436,pages\cn\c76bdcf2e28b580f.json
cn,https://cn.beautyblossom.kr/28,보톡스 시술 부위,13811,div,w202503067b7a1da2910a4,pages\cn\b18baa5f9ba93afe.json
cn,https://cn.beautyblossom.kr/39,의료장비 전문 솔루션,12739,div,w20250916db784093cad1e,pages\cn\e1841eaa8faa66c1.json
cn,https://cn.beautyblossom.kr/3D,EVE V MUSE 리포트 안내,15666,div,w202508147c3c54e334aed,pages\cn\71fae028b83e918b.json
cn,https://cn.beautyblossom.kr/55,바디 부위별 시술 안내,13873,div,w202503061b0a23651521d,pages\cn\a332fd7c73068526.json
cn,https://cn.beautyblossom.kr/65,3단계 필링 시스템,13283,div,w202503069af6719ca67c4,pages\cn\107e97d0f4c90a9a.json
cn,https://cn.beautyblossom.kr/67,3단계 필링 시스템,13210,div,w20250306ae1905663d444,pages\cn\a4b7410c5a9771a8.json
cn,https://cn.beautyblossom.kr/69,여드름 종류와 특징,13434,div,w20250306ca0763918845e,pages\cn\c4ff4f51ddf6b2a3.json
cn,https://cn.beautyblossom.kr/73,PicoSure,18202,div,w202503063f13894eef753,pages\cn\1b800f5a5969e07f.json
cn,https://cn.beautyblossom.kr/LDM,스컬트라 텍스트 박스,18280,div,w20250814a5c444dad8fdf,pages\cn\87bfadde558303e3.json
cn,https://cn.beautyblossom.kr/Sculptra,비메오 영상 - 수정됨,18376,div,w2025081421e7d390242b5,pages\cn\f217a0041b0d3d12.json
cn,https://cn.beautyblossom.kr/Sculptra,스컬트라 텍스트 박스,18404,div,w2025081499a0166df77a4,pages\cn\f217a0041b0d3d12.json
cn,https://cn.beautyblossom.kr/Sculptra,비메오 영상 1,18431,div,w2025081493f72d4dce705,pages\cn\f217a0041b0d3d12.json
cn,https://cn.beautyblossom.kr/thread-lifting,线雕拉提 | MINT & epiticon 双线产品组合 - Beauty Blossom 丽朵皮肤科,5673,div,w20260606652e0467c509d,pages\cn\e9806bcad635be8a.json
tw,https://tw.beautyblossom.kr/129,모던 카드 디자인,13226,div,w2025121029987cc15c986,pages\tw\375a7b1c30549f24.json
tw,https://tw.beautyblossom.kr/130,피부 시술 비교 테이블,13658,div,w20251210835ce0069214f,pages\tw\4d820109cf710a6f.json
tw,https://tw.beautyblossom.kr/131,비수면 가스마취 혜택,15576,div,w2025121062576e2262e16,pages\tw\a9831071ef56c36f.json
tw,https://tw.beautyblossom.kr/131,Porter 웃음 진정기 특징,15652,div,w20251210b7b22a39a81ac,pages\tw\a9831071ef56c36f.json
tw,https://tw.beautyblossom.kr/131,비수면 가스마취 혜택,15706,div,w20251210969c15d0ecd47,pages\tw\a9831071ef56c36f.json
tw,https://tw.beautyblossom.kr/131,수면마취와 비수면 가스마취 비교,15762,div,w20251210fdbaff39b1f05,pages\tw\a9831071ef56c36f.json
tw,https://tw.beautyblossom.kr/131,가스마취 종류 비교,15870,div,w2025121078ebfdc27630d,pages\tw\a9831071ef56c36f.json
tw,https://tw.beautyblossom.kr/132,AI 빅데이터 분석 - 피부 진단 시스템,15405,div,w2025121096cf632794bbb,pages\tw\ee106b07baceef35.json
tw,https://tw.beautyblossom.kr/132,EVE V MUSE 리포트 안내,15546,div,w20251210e005a7d128440,pages\tw\ee106b07baceef35.json
tw,https://tw.beautyblossom.kr/132,피부 분석 솔루션,15659,div,w20251210a0aaaec246b53,pages\tw\ee106b07baceef35.json
tw,https://tw.beautyblossom.kr/132,진료 과정,15707,div,w20251210c090361603790,pages\tw\ee106b07baceef35.json
tw,https://tw.beautyblossom.kr/140,스컬트라 효과,18195,div,w202512100fbd54127593c,pages\tw\ece32ef308fed7bf.json
tw,https://tw.beautyblossom.kr/140,비메오 영상 - 수정됨,18278,div,w20251210c344a221cd8c2,pages\tw\ece32ef308fed7bf.json
tw,https://tw.beautyblossom.kr/140,스컬트라 텍스트 박스,18309,div,w20251210934877b683ce4,pages\tw\ece32ef308fed7bf.json
tw,https://tw.beautyblossom.kr/140,비메오 영상 1,18336,div,w202512106e0411684ffa1,pages\tw\ece32ef308fed7bf.json
tw,https://tw.beautyblossom.kr/140,스컬트라 vs 필러 비교,18492,div,w20251210835cf3bb9bb7f,pages\tw\ece32ef308fed7bf.json
tw,https://tw.beautyblossom.kr/140,스컬트라 FAQ - 자주 묻는 질문,18560,div,w20251210464c99278cfe7,pages\tw\ece32ef308fed7bf.json
tw,https://tw.beautyblossom.kr/140,스컬트라 시술 정보,18656,div,w20251210a09399874f0bc,pages\tw\ece32ef308fed7bf.json
tw,https://tw.beautyblossom.kr/143,피부 분석 시스템,15982,div,w202512108beb83f59688a,pages\tw\76a17bf093990e67.json
tw,https://tw.beautyblossom.kr/143,3D 피부 진단 혜택,16053,div,w2025121001179240254d2,pages\tw\76a17bf093990e67.json
tw,https://tw.beautyblossom.kr/39,의료장비 전문 솔루션,13299,div,w202512102888ce05cf065,pages\tw\165e48436611faf0.json
tw,https://tw.beautyblossom.kr/65,3단계 필링 시스템,13129,div,w202512104dbfcb3f573dc,pages\tw\60fe16b9341fd4af.json
tw,https://tw.beautyblossom.kr/69,여드름 종류와 특징,13326,div,w20251210b26802b2d4176,pages\tw\2b6db8104ad1ce21.json
tw,https://tw.beautyblossom.kr/LDM,스컬트라 텍스트 박스,18085,div,w20251210534ecb77fd5fe,pages\tw\3ef1a47db2f66d7b.json
tw,https://tw.beautyblossom.kr/LDM,Thermage Features,18125,div,w20251210937912165de16,pages\tw\3ef1a47db2f66d7b.json
tw,https://tw.beautyblossom.kr/LDM,스킨케어 프로그램 - 주름 타이트닝 리프팅 여드름 민감성 피부 치료,18192,div,w2025121025796f60be7ce,pages\tw\3ef1a47db2f66d7b.json
tw,https://tw.beautyblossom.kr/LDM,피부 관리 솔루션,18350,div,w20251210e563701cb8e24,pages\tw\3ef1a47db2f66d7b.json
tw,https://tw.beautyblossom.kr/LDM,수술 후 주의사항,18402,div,w20251210f371328cf15a2,pages\tw\3ef1a47db2f66d7b.json
tw,https://tw.beautyblossom.kr/thread-lifting,埋線拉提 | MINT & epiticon 雙線材組合 - Beauty Blossom 麗朵皮膚科,5587,div,w20260606699d46907f33a,pages\tw\a0835b58f5c98acd.json
